t,u,y
0,0.25,0.20194758272173513
1,0.32430055345305187,0.45473848721854704
2,0.3931051287495386,0.5841557015638579
3,0.45611651808090276,0.7382016340430423
4,0.513142436608335,0.7878223375880186
5,0.564092984717778,0.8719158238516312
6,0.608976140012147,0.8786813376434238
7,0.6478914083783579,0.9215112359300918
8,0.6810218000668956,0.928990717384956
9,0.7086243297246767,0.9690424349233453
10,0.7310192680621185,0.949715250705393
11,0.7485783967349519,0.9506266306456873
12,0.7617125366025769,0.9848110427542796
13,0.7708586324192852,0.958872082428755
14,0.7764666839710707,0.9584018813030429
15,0.7789868145595737,0.9956392250620798
16,0.7788567625511208,0.9722351894554974
17,0.7764900705725116,0.9759759312978415
18,0.772265230087977,0.9771048877411
19,0.7665160168923649,0.9865867602106249
20,0.7595232259725848,0.9713044246238548
21,0.7515079827910931,0.9834308246547938
22,0.7426267729885099,0.974761933873206
23,0.7329682945189403,0.9711694360095069
24,0.7225521961126526,0.9679003334051167
25,0.7113297245415156,0.9815302716352421
26,0.699186261304509,0.9630043527732982
27,0.6859456879240851,0.9625132407436332
28,0.6713764789104885,0.9598091864977073
29,0.6551993834450534,0.9465178785650983
30,0.6370965217458877,0.9632580255849577
31,0.6167216906411745,0.959295534832955
32,0.5937116457425653,0.9698689394918533
33,0.5676981053513243,0.9518809533663801
34,0.53832020431054,0.9453047574481953
35,0.5052371147956349,0.9068827015349695
36,0.4681405457533097,0.904276563946773
37,0.42676683347476085,0.8967438912901726
38,0.38090834261668194,0.8695003559734047
39,0.3304239097329814,0.8366301649820589
40,0.2752480797993314,0.7697207003787435
41,0.2153989099326481,0.7416564709902437
42,0.15098414305042668,0.6284452906554284
43,0.08220558700272232,0.522553606370257
44,0.009361571077024927,0.36846375884344357
45,-0.06715260901645242,0.2082001763605186
46,-0.14684630532352966,-0.023594831728596284
47,-0.22913719618641687,-0.22059327085050548
48,-0.3133569915652091,-0.43346134333390934
49,-0.398759085326714,-0.6101756827614565
50,-0.48452803386410576,-0.7143524673745004
51,-0.569790701837422,-0.8239701532613486
52,-0.6536288802946032,-0.8850535466003318
53,-0.7350931506787156,-0.9278628855360225
54,-0.8132177409065967,-0.9497612924620575
55,-0.8870360973854039,-0.952884902262255
56,-0.9555968799836932,-0.9662874208052106
57,-1.017980075949281,-0.984057359183524
58,-1.0733129238062007,-1.0002877370475292
59,-1.1207853394835188,-1.0120878709143515
60,-1.1596645443204883,-1.0071731432892779
61,-1.1893086080211326,-0.9986963859167772
62,-1.2091786388400512,-1.0061598717046358
63,-1.2188493778957938,-0.9941279650835995
64,-1.2180179840444951,-1.0052453623612312
65,-1.2065108296204752,-0.9869379075295527
66,-1.1842881648897163,-0.9814338304224299
67,-1.1514465495194008,-0.984662232401249
68,-1.108218991935311,-0.999348993405629
69,-1.0549727812688607,-1.0103946892742806
70,-0.9922050408109022,-0.9921466727778755
71,-0.9205360756058342,-0.9812234665249427
72,-0.8407006291623904,-0.9785966419925274
73,-0.7535372043794165,-0.9797336180997454
74,-0.6599756408831949,-0.9756474250636874
75,-0.5610231743055123,-0.9679703753531999
76,-0.45774923193246125,-0.9573611337981673
77,-0.35126924304619556,-0.9106044637882794
78,-0.24272776068961316,-0.8563254149480269
79,-0.13328120414211786,-0.7606008819696173
80,-0.024080537856037296,-0.5886089161041606
81,0.08374579715624991,-0.35374812720017346
82,0.189108389473496,-0.06987365386988843
83,0.2909725030159883,0.25595385970002177
84,0.3883725823712571,0.49873878999488813
85,0.4804253610623118,0.6795074437681944
86,0.5663413445152172,0.7973146786823647
87,0.6454344722930162,0.8770149146366005
88,0.7171298007269932,0.9186299349948563
89,0.7809690866523757,0.9383232165027876
90,0.8366141947418587,0.9791224676863863
91,0.8838482940813381,0.9928924117693022
92,0.9225748532757836,0.9740160699993218
93,0.9528144866283754,1.0062300779029303
94,0.9746997459311035,0.9962629987756224
95,0.9884679922948938,0.9825416355097604
96,0.9944525194309485,0.98916350774586
97,0.993072133131494,1.0094927446531576
98,0.9848194207218595,0.9883390509214984
99,0.9702479683897953,0.9922233758733493
100,0.9499588030656649,0.9982296757800084
101,0.9245863485619367,1.0069692743393632
102,0.894784192733115,0.9906171664248689
103,0.8612109633609817,0.9745740429312644
104,0.8245166053027242,0.9966205738474996
105,0.7853293402839698,1.0015696466712947
106,0.7442435738197906,0.9757720061267402
107,0.7018089914664222,0.9947344404794204
108,0.6585210594162768,0.9911977830964773
109,0.6148131129203177,0.9615745758491605
110,0.5710501808145901,0.9597463006082624
111,0.527524656275877,0.9511205663197926
112,0.48445388362876984,0.9305982785473488
113,0.4419796894099644,0.9181188676479601
114,0.4001698438284115,0.8754903855646399
115,0.3590213971136676,0.8516755897212381
116,0.3184657948815472,0.8127249726727888
117,0.2783756384012184,0.7797217134628539
118,0.23857292031208344,0.7255739146105258
119,0.19883853464294987,0.649284925696173
120,0.15892283258552845,0.5817444664076771
121,0.11855697293590389,0.5281252586000124
122,0.0774647989078528,0.43326564853260335
123,0.03537496149728918,0.32750855816071045
124,-0.007966996022610015,0.19614089382533798
125,-0.052786877453612685,0.09771653675549545
126,-0.09927067537218409,-0.03483471791854233
127,-0.1475542812951306,-0.1588772943691716
128,-0.19771431239649892,-0.28229261946742873
129,-0.24976027954639687,-0.4030535343624392
130,-0.30362829332423086,-0.5463008118357057
131,-0.3591764723149604,-0.6497297764936611
132,-0.4161821820920569,-0.7321123532459258
133,-0.47434119456383894,-0.7796017945488758
134,-0.5332688166080966,-0.8564721185059206
135,-0.5925029949833323,-0.8961138425618594
136,-0.6515093622486925,-0.9301022777701203
137,-0.7096881467213294,-0.9408331223266679
138,-0.766382829212082,-0.9430117395869269
139,-0.8208903912423275,-0.9708696149277848
140,-0.8724729644461431,-0.9872642963575599
141,-0.9203706596308427,-0.9839002443211997
142,-0.9638153271576023,-1.0046642293369092
143,-1.0020449784749705,-0.9896846801221928
144,-1.0343185822532026,-1.01020380609734
145,-1.0599309379775683,-0.9888511745027605
146,-1.0782273252973658,-1.0040853369766278
147,-1.0886176290048375,-0.9824399084046539
148,-1.0905896472201628,-1.0141444461630944
149,-1.0837213040458131,-0.9795236236372968
150,-1.067691507364523,-1.0126230466593875
151,-1.0422894172115822,-1.0112361707810558
152,-1.007421919766637,-0.9955484457776694
153,-0.9631191358956716,-0.98251453263777
154,-0.9095378306557826,-0.9916435173996835
155,-0.8469626305052464,-0.975231564236999
156,-0.7758049973320171,-0.992031904040328
157,-0.6965999519754007,-0.992707241412958
158,-0.610000583793495,-0.970548085375346
159,-0.5167704261407218,-0.9776124165329823
160,-0.41777381949361475,-0.918878753097633
161,-0.3139644235553938,-0.908812282359784
162,-0.20637207618230882,-0.8353410407116231
163,-0.09608822967069455,-0.7004811033357453
164,0.01574977683742941,-0.5172376660241681
165,0.12797532690070276,-0.22374020664973296
166,0.23940971869177763,0.06008828621727401
167,0.3488796279113797,0.3601615791910754
168,0.45523452466900227,0.5911111718903952
169,0.5573637278582831,0.7548202124509044
170,0.6542127873380124,0.8538654042703692
171,0.7447988970986203,0.9223558990121381
172,0.8282250612917139,0.9719336559611697
173,0.9036927591519471,0.9817516676275109
174,0.9705128839616317,0.9899413718350074
175,1.0281147647143603,0.9763693417780722
176,1.0760531163516562,0.999234784030651
177,1.11401280462904,0.9987267802948936
178,1.1418113540080794,1.0062274328541396
179,1.1593991706193376,0.9949941018384326
180,1.1668574964221947,1.012951616392052
181,1.1643941543177616,1.0042715806979219
182,1.1523371862770304,1.0107719331302107
183,1.1311265266820314,0.9949631618752236
184,1.1013038902418937,0.9795559629651992
185,1.0635010872981392,0.9982645022161662
186,1.0184270084100018,0.9830162320803287
187,0.9668535442362132,0.9870116510389035
188,0.909600725430625,0.9881833449634794
189,0.8475213801820134,0.9901475214385481
190,0.7814856139078515,0.9857076974599759
191,0.7123654163351234,0.9684662943871507
192,0.6410196957707335,0.9633283519514062
193,0.5682800289071862,0.9684972504026625
194,0.4949373972756259,0.9396886401440999
195,0.42173015881493137,0.9291428296591038
196,0.34933347544861504,0.8974235918880978
197,0.27835038562696146,0.8373199309238514
198,0.20930467516417872,0.7792215280238118
199,0.14263566111767687,0.6858790013699378
200,0.07869496271652293,0.5589914395662205
201,0.017745291289044313,0.4000353396785191
202,-0.040038751368238645,0.2407500571564674
203,-0.09456791882273885,0.0547197260292656
204,-0.1458337034781902,-0.08976053690165844
205,-0.19390198979892662,-0.23816750258981706
206,-0.2389051451534278,-0.3691051146751612
207,-0.281032748252198,-0.5129113710599271
208,-0.3205211829587586,-0.590382464209273
209,-0.35764234818573026,-0.6577746494958807
210,-0.39269175218435337,-0.7304338958757328
211,-0.42597627143933475,-0.7856563660913422
212,-0.4578018603529109,-0.7967985950566449
213,-0.4884614978258467,-0.8531321921350975
214,-0.5182236507267184,-0.8837170394201351
215,-0.5473215222164842,-0.8884310873816443
216,-0.5759433352168032,-0.9080555540240104
217,-0.6042238783481224,-0.9201079952320391
218,-0.6322375138958254,-0.9405252981645578
219,-0.6599928153679409,-0.9527999873532348
220,-0.6874289666506036,-0.9428432483738478
221,-0.7144140163862123,-0.956054287884722
222,-0.7407450407906654,-0.9609501836221581
223,-0.7661502265288891,-0.9642078065594409
224,-0.7902928433456401,-0.9586037516138107
225,-0.8127770347719652,-0.9682476305967316
226,-0.8331553152567097,-0.9599376427231258
227,-0.8509376243387876,-0.9877832515640729
228,-0.8656017537658165,-0.9896221217492225
229,-0.8766049325031638,-0.9977524789177877
230,-0.8833963280126581,-1.0040140061995988
231,-0.8854302005713803,-1.001145857575195
232,-0.8821794312052561,-0.9958406646452624
233,-0.873149133377134,-0.9869371705852856
234,-0.8578900541235828,-0.9672644763573514
235,-0.8360114719857425,-0.9909792907823999
236,-0.8071933068092056,-1.003145172810348
237,-0.7711971701533029,-0.9908254123640038
238,-0.7278761043873998,-0.9942729937768353
239,-0.6771827831798116,-0.9698889489700069
240,-0.6191759755146687,-0.9594611588476473
241,-0.5540251090149593,-0.9373043066643646
242,-0.48201280553111125,-0.9297664096889436
243,-0.40353530192526543,-0.9135719892913209
244,-0.3191007109356853,-0.8903146602905295
245,-0.22932512009512349,-0.7930280960135665
246,-0.134926570029335,-0.6862721660275594
247,-0.036716996197875384,-0.5546296698097123
248,0.0644077406089128,-0.3385963085495579
249,0.16747957077429468,-0.08507511801617146
250,0.2714714793063212,0.21421130848323652
251,0.3753120842161263,0.47867434210804183
252,0.4779012703398715,0.655167658715952
253,0.5781265967215069,0.7950006711093365
254,0.6748801788006242,0.902753421025459
255,0.7670757356532389,0.9355593691433024
256,0.8536654876455089,0.9722759844958874
257,0.933656591189568,0.9788044048468834
258,1.0061268048200158,0.9703030494338518
259,1.0702390943970377,0.9772237978841135
260,1.125254904622877,0.9839907621348942
261,1.1705458488511087,0.978018035372417
262,1.205603598881498,1.0131687670756353
263,1.2300477904768963,0.9869257949517942
264,1.2436317980345126,0.9842404200176453
265,1.2462462724400782,0.9955417547012773
266,1.2379203788196271,1.005026135517761
267,1.218820714827089,1.0025900102086482
268,1.1892479343892401,1.0056714957362676
269,1.1496311455880857,1.0120418031646177
270,1.1005201937207045,0.9914594315042776
271,1.0425759806924781,0.9935015999452308
272,0.9765590089719429,0.9824370933255837
273,0.9033163716260404,1.010669596504639
274,0.8237674388023836,0.9828866775849917
275,0.7388885148588996,0.9888417420961135
276,0.6496967586916572,0.980410573682856
277,0.557233672320325,0.96246495671548
278,0.4625484692174481,0.9356519930969512
279,0.36668163409590016,0.9110090780647438
280,0.270648979906573,0.8727396859381462
281,0.17542649577973124,0.7890968831418105
282,0.08193626182398628,0.6355202415406315
283,-0.00896631654972374,0.4735609104537699
284,-0.09650373030349182,0.22224716123703564
285,-0.1799858525258239,-0.001047409443173504
286,-0.2588175325891178,-0.2660982782823175
287,-0.33250418223410333,-0.45959020553915453
288,-0.4006552784476979,-0.6267340470425827
289,-0.46298575064637626,-0.7398169738357048
290,-0.5193152627547177,-0.8106594897528192
291,-0.5695654434008712,-0.8659886609381292
292,-0.6137551587701318,-0.9145135376753264
293,-0.6519939618258217,-0.9408323991002612
294,-0.6844738878292298,-0.9345255418995246
295,-0.7114597986353356,-0.9502105305072444
296,-0.7332785064516574,-0.9407094100967242
297,-0.7503069310576926,-0.9636465860599462
298,-0.7629595624258638,-0.9656317557511994
299,-0.7716755129066021,-0.9613303522724964
300,-0.7769054494027454,-0.9932852382809851
301,-0.7790986961462918,-0.97860657040967
302,-0.7786907928136503,-0.9639311340219211
303,-0.7760917809074165,-0.9807766195844447
304,-0.7716754738492382,-0.9945240099574445
305,-0.7657699434411793,-0.9826383448193524
306,-0.7586494277426463,-0.9647546487651286
307,-0.7505278335558039,-0.9594441710731711
308,-0.7415539712803525,-0.972200657295584
309,-0.7318086216280748,-0.9673410189250531
310,-0.7213034933758141,-0.975720524270464
311,-0.7099820898216296,-0.9614517950293923
312,-0.6977224597561245,-0.9601283861517732
313,-0.684341767439689,-0.9646008356196939
314,-0.6696025761457012,-0.946541404675498
315,-0.6532207021202303,-0.9445106217606252
316,-0.6348744611051358,-0.9403109392885468
317,-0.6142150985969117,-0.960846867341854
318,-0.590878168414455,-0.9319044144757066
319,-0.5644956024818308,-0.9511449822949047
320,-0.5347081984524708,-0.9264903723943091
321,-0.5011782412534048,-0.9226027557105285
322,-0.4636019700396141,-0.9022545295046561
323,-0.4217216035231208,-0.8822842709229994
324,-0.3753366441596372,-0.8534532231827888
325,-0.3243141950924615,-0.824321850348713
326,-0.268598042803348,-0.7686167555214878
327,-0.20821628272141962,-0.718971060297802
328,-0.14328729410357577,-0.6385793192924525
329,-0.074023903735112,-0.5300066432119221
330,-0.0007356147323685225,-0.3685127449794558
331,0.07617118378700427,-0.1597993494851329
332,0.15619506897110738,0.036840344891275606
333,0.23874349871360045,0.23572747068569816
334,0.32313874586185076,0.43445300336900844
335,0.40862576755412205,0.6296951131192052
336,0.4943818844807776,0.7322421325285902
337,0.5795281066016339,0.8417085626601752
338,0.663141906719858,0.894643329657184
339,0.7442712120370067,0.914342520935171
340,0.8219493570417968,0.9443917309096339
341,0.8952107193740391,0.9900562547386342
342,0.9631067441095509,0.9999085050272345
343,1.0247220515755655,0.9757239231460609
344,1.079190319553707,0.9742569893347465
345,1.1257096326611258,0.9966898044546999
346,1.163556999795882,0.9943260587555934
347,1.1921017546417525,0.9987199255124531
348,1.2108175740796232,1.0122842562159566
349,1.2192928745600913,0.9782228213671672
350,1.2172393765589835,1.0165128364737421
351,1.2044986615689581,0.988684452101673
352,1.181046583994714,1.0069792091686753
353,1.1469954410615446,1.0129345635935014
354,1.1025938466046883,0.9906061667126346
355,1.0482242985261514,1.0107473293710993
356,0.9843984739086287,1.0073128749394822
357,0.9117503293786586,1.0012558817268817
358,0.8310271264408963,0.986480564732552
359,0.7430785413192413,1.007600199737505
360,0.6488440555419487,0.9831232519969749
361,0.5493388563629501,0.9810844399355952
362,0.44563850446350906,0.9600249984026694
363,0.33886264966179624,0.9204070911195252
364,0.23015809310894267,0.8340245238642232
365,0.12068150631715209,0.7433555771889041
366,0.01158212311489741,0.558238575711784
367,-0.09601527985334374,0.3142649428440771
368,-0.20102680515434584,0.03797306159288677
369,-0.30242496295123955,-0.2597081535640854
370,-0.3992530281433604,-0.5344625488009601
371,-0.4906379726504422,-0.706004916914571
372,-0.5758017481601547,-0.8289810912735803
373,-0.6540707279357207,-0.8980749044702788
374,-0.7248831532298348,-0.9430325051478031
375,-0.7877944697234572,-0.9503354098866399
376,-0.84248048139504,-0.9740075156092112
377,-0.8887382924781404,-0.9903762753559386
378,-0.926485051809078,-0.985901284463235
379,-0.9557545570205448,-1.0054927631936148
380,-0.9766918178322159,-1.0058239020988509
381,-0.9895457172846605,-0.9919475890197952
382,-0.9946599463632564,-0.982435360741964
383,-0.9924624203313187,-1.008057213547144
384,-0.9834534135803783,-0.9954991029541082
385,-0.9681926733442181,-0.9850595467330522
386,-0.9472857907479206,-0.9905709115464343
387,-0.9213701200199171,-0.982739657038504
388,-0.8911005430489957,-0.9716222615371396
389,-0.8571353767064714,-0.9998510132047325
390,-0.8201227144887338,-0.9748679054398495
391,-0.7806874822042819,-0.980463642913714
392,-0.7394194698905191,-0.975014420055406
393,-0.6968625792743661,-0.9762790879029052
394,-0.6535054983704391,-0.9655748068829313
395,-0.6097739828236505,-0.9766772080626133
396,-0.5660248880183208,-0.9738257385844541
397,-0.5225420575351746,-0.9340400214611608
398,-0.4795341330405152,-0.9134449957846743
399,-0.4371343089792038,-0.9144394389638297
